StoreID,Location,Manager,OpenHours
1,Angelamouth,Michelle Robinson,8:00 AM - 8:00 PM
2,Tammychester,Jonathan Frey,8:00 AM - 8:00 PM
3,Vanessachester,Barbara Lynch,8:00 AM - 7:00 PM
4,Maytown,Frederick Dean,9:00 AM - 8:00 PM
5,Kathleenfort,Donald Ellis,10:00 AM - 7:00 PM
6,South Martin,Tamara Hernandez,10:00 AM - 6:00 PM
7,Rebeccastad,Amanda Diaz,9:00 AM - 8:00 PM
8,North Mariaburgh,Lisa Jackson,9:00 AM - 7:00 PM
9,Stephenfurt,Michael Hays,10:00 AM - 9:00 PM
10,Thompsonshire,Mary Barker,9:00 AM - 9:00 PM
11,East Justin,Jose Brown,9:00 AM - 8:00 PM
12,Jeffreyport,Roger Walsh,8:00 AM - 9:00 PM
13,New James,Crystal Choi,10:00 AM - 9:00 PM
14,Josephfort,Ryan King,8:00 AM - 6:00 PM
15,New Kimberly,Caleb Powers,8:00 AM - 6:00 PM
16,Lake Phillip,Nathan Turner,8:00 AM - 6:00 PM
17,East Laura,Emily Thomas,8:00 AM - 8:00 PM
18,Rodriguezstad,Andrea Nelson,8:00 AM - 8:00 PM
19,Bakerberg,Andrew Haas,8:00 AM - 6:00 PM
20,Ashleyfort,Joshua Smith,9:00 AM - 8:00 PM
21,South Lisa,Brandon Smith,9:00 AM - 8:00 PM
22,Simpsonview,Jonathan Bailey,8:00 AM - 7:00 PM
23,South Amyfurt,Stephanie Weaver,9:00 AM - 7:00 PM
24,Bishopview,Marcia Smith,8:00 AM - 8:00 PM
25,Suttonbury,Eric Wood,10:00 AM - 8:00 PM
26,Michaelhaven,Allen Osborne,10:00 AM - 7:00 PM
27,West Karentown,Robert Franklin,10:00 AM - 6:00 PM
28,Hollyburgh,Tina Hicks,9:00 AM - 7:00 PM
29,Beverlybury,Zachary Ross,8:00 AM - 7:00 PM
30,Ayersville,Travis Anderson,10:00 AM - 7:00 PM
31,Lake Barbara,Tiffany Simmons,9:00 AM - 8:00 PM
32,North Erica,Robert Mccullough,8:00 AM - 9:00 PM
33,Samuelfort,Michelle Kim,8:00 AM - 9:00 PM
34,Lake Kathrynport,Benjamin Morales,10:00 AM - 6:00 PM
35,Julieville,Natasha Myers,9:00 AM - 9:00 PM
36,East Alexandra,Hector Ferguson,9:00 AM - 7:00 PM
37,Ellisstad,Dr. Joseph Melton,10:00 AM - 9:00 PM
38,South Ian,James Cole,10:00 AM - 6:00 PM
39,Debbiebury,Heather Schultz,8:00 AM - 9:00 PM
40,New Victoriaborough,Mary Lopez,8:00 AM - 9:00 PM
41,West Brianborough,Brandy Valentine,9:00 AM - 7:00 PM
42,Port Thomasbury,Daniel Ross,9:00 AM - 9:00 PM
43,Petersmouth,Mark Richards,8:00 AM - 7:00 PM
44,West Jonathantown,Stacey Williams,10:00 AM - 8:00 PM
45,Hodgesland,Curtis Gallagher,10:00 AM - 9:00 PM
46,South Brianland,Harry Harrison,9:00 AM - 9:00 PM
47,New Johnstad,Jenna Webster,9:00 AM - 9:00 PM
48,Laurenberg,William Prince,8:00 AM - 9:00 PM
49,West Theresa,Jason Mccarthy,9:00 AM - 7:00 PM
50,Hopkinsview,Scott Rodgers,8:00 AM - 8:00 PM
51,Lopezstad,Kaitlyn Roberson,8:00 AM - 8:00 PM
52,Port Donna,Rebecca Brown,10:00 AM - 7:00 PM
53,South James,Heather Young,10:00 AM - 7:00 PM
54,Haroldmouth,John Benjamin,8:00 AM - 9:00 PM
55,Deborahport,David Bush,10:00 AM - 6:00 PM
56,North Helen,Lauren Soto,10:00 AM - 6:00 PM
57,Lindaville,Janet Hester,8:00 AM - 6:00 PM
58,South Joseph,Jessica Wise,10:00 AM - 7:00 PM
59,Luceroborough,Heather Smith,8:00 AM - 7:00 PM
60,Lake Kelsey,Jacqueline Hayes,9:00 AM - 9:00 PM
61,Dianaborough,Christian Brown,10:00 AM - 6:00 PM
62,West Ninastad,John Moran,8:00 AM - 9:00 PM
63,Ralphville,Jordan Harrison,10:00 AM - 6:00 PM
64,Mahoneyburgh,Nicole Buck,10:00 AM - 7:00 PM
65,Lopezburgh,Pamela Weiss,9:00 AM - 7:00 PM
66,West Ryanport,Lauren Vasquez,10:00 AM - 9:00 PM
67,Jasonmouth,Russell Monroe,9:00 AM - 9:00 PM
68,Wellsport,Javier Gonzalez,10:00 AM - 8:00 PM
69,Hansonfort,Timothy Watkins,10:00 AM - 6:00 PM
70,Port Christopherside,Dr. Kent Mccann,10:00 AM - 7:00 PM
71,Johnberg,Kathy Gomez,10:00 AM - 6:00 PM
72,Alexandraside,Andrew Hart,10:00 AM - 7:00 PM
73,South Bobby,James Murphy,8:00 AM - 8:00 PM
74,Chapmanhaven,John Rivera,9:00 AM - 8:00 PM
75,Gabrielafurt,Richard Adams,9:00 AM - 8:00 PM
76,Lake Christina,Joseph Olsen,8:00 AM - 7:00 PM
77,New Troyport,Amanda Williams,9:00 AM - 8:00 PM
78,Salazarport,Derek Miller,8:00 AM - 9:00 PM
79,New Amandafort,Dakota Jones,8:00 AM - 7:00 PM
80,Lake Ethanburgh,Nathan Monroe,8:00 AM - 6:00 PM
81,Lake Jameschester,Grace Lloyd,8:00 AM - 8:00 PM
82,Jermaineview,Megan Hayes,8:00 AM - 6:00 PM
83,Woodsshire,Casey Thompson,10:00 AM - 8:00 PM
84,Patriciahaven,Michelle Petersen,9:00 AM - 7:00 PM
85,Lake Charleshaven,Laura Gregory,10:00 AM - 8:00 PM
86,South Sandra,Jennifer English,10:00 AM - 8:00 PM
87,North Lisa,Michael Freeman,8:00 AM - 9:00 PM
88,New Alexandra,Anne Macias,8:00 AM - 7:00 PM
89,Rickeytown,Sarah Hardy,9:00 AM - 7:00 PM
90,Haysville,Robert Bailey,8:00 AM - 8:00 PM
91,Dariusberg,Brandy Thomas,10:00 AM - 7:00 PM
92,Christinahaven,Gary Hayes,10:00 AM - 6:00 PM
93,West Terri,Jesus Hansen,9:00 AM - 9:00 PM
94,Tracyton,Benjamin Duncan,8:00 AM - 9:00 PM
95,Shannonfurt,Nicholas Williams,8:00 AM - 6:00 PM
96,North Nicholas,Charles Davies,8:00 AM - 7:00 PM
97,West Alexandria,Alyssa Robinson,8:00 AM - 9:00 PM
98,Sonyaborough,Wendy Gardner,9:00 AM - 9:00 PM
99,Lisachester,Kristina Walter,10:00 AM - 9:00 PM
100,South Tiffanyland,Katie Diaz,10:00 AM - 7:00 PM
